Select 	CRN 	Subj 	Crse 	Sec 	Cmp 	Cred 	Part of Term 	Title 	Days 	Time 	Cap 	Act 	Rem 	Instructor 	Date (MM/DD) 	Location 	Attribute
SR 	82904 	CSCE 	101 	001 	COL 	3.000 	30 - Columbia Full Term 	Introduction to Computer Concepts 	MW 	08:30 am-09:20 am 	24 	11 	13 	TBA 	08/21-12/05 	SMWALT 305 	ARP Analytical Reasoning
  	  	  	  	  	  	  	  	  	F 	08:30 am-09:20 am 	  	  	  	TBA 	08/21-12/05 	SMWALT 244 	ARP Analytical Reasoning
SR 	82906 	CSCE 	101 	002 	COL 	3.000 	30 - Columbia Full Term 	Introduction to Computer Concepts 	MW 	08:30 am-09:20 am 	24 	2 	22 	TBA 	08/21-12/05 	SMWALT 305 	ARP Analytical Reasoning
  	  	  	  	  	  	  	  	  	F 	09:40 am-10:30 am 	  	  	  	TBA 	08/21-12/05 	SMWALT 244 	ARP Analytical Reasoning
SR 	82909 	CSCE 	101 	003 	COL 	3.000 	30 - Columbia Full Term 	Introduction to Computer Concepts 	MW 	08:30 am-09:20 am 	24 	5 	19 	TBA 	08/21-12/05 	SMWALT 305 	ARP Analytical Reasoning
  	  	  	  	  	  	  	  	  	R 	08:30 am-09:20 am 	  	  	  	TBA 	08/21-12/05 	SMWALT 244 	ARP Analytical Reasoning
SR 	82915 	CSCE 	101 	004 	COL 	3.000 	30 - Columbia Full Term 	Introduction to Computer Concepts 	MW 	10:50 am-11:40 am 	24 	2 	22 	TBA 	08/21-12/05 	SMWALT 305 	ARP Analytical Reasoning
  	  	  	  	  	  	  	  	  	F 	03:30 pm-04:20 pm 	  	  	  	TBA 	08/21-12/05 	SMWALT 244 	ARP Analytical Reasoning
SR 	82917 	CSCE 	101 	005 	COL 	3.000 	30 - Columbia Full Term 	Introduction to Computer Concepts 	MW 	10:50 am-11:40 am 	24 	20 	4 	TBA 	08/21-12/05 	SMWALT 305 	ARP Analytical Reasoning
  	  	  	  	  	  	  	  	  	F 	10:50 am-11:40 am 	  	  	  	TBA 	08/21-12/05 	SMWALT 244 	ARP Analytical Reasoning
SR 	82918 	CSCE 	101 	006 	COL 	3.000 	30 - Columbia Full Term 	Introduction to Computer Concepts 	MW 	10:50 am-11:40 am 	24 	12 	12 	TBA 	08/21-12/05 	SMWALT 305 	ARP Analytical Reasoning
  	  	  	  	  	  	  	  	  	R 	11:40 am-12:30 pm 	  	  	  	TBA 	08/21-12/05 	SMWALT 244 	ARP Analytical Reasoning
SR 	82922 	CSCE 	101 	007 	COL 	3.000 	30 - Columbia Full Term 	Introduction to Computer Concepts 	MW 	01:10 pm-02:00 pm 	24 	5 	19 	TBA 	08/21-12/05 	SMWALT 305 	ARP Analytical Reasoning
  	  	  	  	  	  	  	  	  	F 	12:00 pm-12:50 pm 	  	  	  	TBA 	08/21-12/05 	SMWALT 244 	ARP Analytical Reasoning
SR 	82926 	CSCE 	101 	008 	COL 	3.000 	30 - Columbia Full Term 	Introduction to Computer Concepts 	MW 	01:10 pm-02:00 pm 	24 	5 	19 	TBA 	08/21-12/05 	SMWALT 305 	ARP Analytical Reasoning
  	  	  	  	  	  	  	  	  	F 	01:10 pm-02:00 pm 	  	  	  	TBA 	08/21-12/05 	SMWALT 244 	ARP Analytical Reasoning
SR 	82930 	CSCE 	101 	009 	COL 	3.000 	30 - Columbia Full Term 	Introduction to Computer Concepts 	MW 	01:10 pm-02:00 pm 	24 	15 	9 	TBA 	08/21-12/05 	SMWALT 305 	ARP Analytical Reasoning
  	  	  	  	  	  	  	  	  	R 	01:15 pm-02:05 pm 	  	  	  	TBA 	08/21-12/05 	SMWALT 244 	ARP Analytical Reasoning
SR 	82936 	CSCE 	101 	010 	COL 	3.000 	30 - Columbia Full Term 	Introduction to Computer Concepts 	MW 	03:30 pm-04:20 pm 	24 	1 	23 	TBA 	08/21-12/05 	SMWALT 305 	ARP Analytical Reasoning
  	  	  	  	  	  	  	  	  	F 	02:20 pm-03:10 pm 	  	  	  	TBA 	08/21-12/05 	SMWALT 244 	ARP Analytical Reasoning
SR 	82943 	CSCE 	101 	011 	COL 	3.000 	30 - Columbia Full Term 	Introduction to Computer Concepts 	MW 	03:30 pm-04:20 pm 	24 	3 	21 	TBA 	08/21-12/05 	SMWALT 305 	ARP Analytical Reasoning
  	  	  	  	  	  	  	  	  	R 	04:25 pm-05:15 pm 	  	  	  	TBA 	08/21-12/05 	SMWALT 244 	ARP Analytical Reasoning
SR 	82945 	CSCE 	101 	012 	COL 	3.000 	30 - Columbia Full Term 	Introduction to Computer Concepts 	TR 	10:05 am-10:55 am 	24 	4 	20 	TBA 	08/21-12/05 	SMWALT 305 	ARP Analytical Reasoning
  	  	  	  	  	  	  	  	  	W 	08:30 am-09:20 am 	  	  	  	TBA 	08/21-12/05 	SMWALT 244 	ARP Analytical Reasoning
SR 	82956 	CSCE 	101 	013 	COL 	3.000 	30 - Columbia Full Term 	Introduction to Computer Concepts 	TR 	10:05 am-10:55 am 	24 	4 	20 	TBA 	08/21-12/05 	SMWALT 305 	ARP Analytical Reasoning
  	  	  	  	  	  	  	  	  	W 	09:40 am-10:30 am 	  	  	  	TBA 	08/21-12/05 	SMWALT 244 	ARP Analytical Reasoning
SR 	82970 	CSCE 	101 	014 	COL 	3.000 	30 - Columbia Full Term 	Introduction to Computer Concepts 	TR 	10:05 am-10:55 am 	24 	6 	18 	TBA 	08/21-12/05 	SMWALT 305 	ARP Analytical Reasoning
  	  	  	  	  	  	  	  	  	W 	10:50 am-11:40 am 	  	  	  	TBA 	08/21-12/05 	SMWALT 244 	ARP Analytical Reasoning
SR 	82972 	CSCE 	101 	015 	COL 	3.000 	30 - Columbia Full Term 	Introduction to Computer Concepts 	TR 	02:50 pm-03:40 pm 	24 	15 	9 	TBA 	08/21-12/05 	SMWALT 305 	ARP Analytical Reasoning
  	  	  	  	  	  	  	  	  	W 	01:10 pm-02:00 pm 	  	  	  	TBA 	08/21-12/05 	SMWALT 244 	ARP Analytical Reasoning
SR 	82997 	CSCE 	101 	016 	COL 	3.000 	30 - Columbia Full Term 	Introduction to Computer Concepts 	TR 	02:50 pm-03:40 pm 	24 	9 	15 	TBA 	08/21-12/05 	SMWALT 305 	ARP Analytical Reasoning
  	  	  	  	  	  	  	  	  	W 	02:20 pm-03:10 pm 	  	  	  	TBA 	08/21-12/05 	SMWALT 244 	ARP Analytical Reasoning
SR 	83001 	CSCE 	101 	017 	COL 	3.000 	30 - Columbia Full Term 	Introduction to Computer Concepts 	TR 	02:50 pm-03:40 pm 	24 	5 	19 	TBA 	08/21-12/05 	SMWALT 305 	ARP Analytical Reasoning
  	  	  	  	  	  	  	  	  	W 	03:30 pm-04:20 pm 	  	  	  	TBA 	08/21-12/05 	SMWALT 244 	ARP Analytical Reasoning
SR 	94226 	CSCE 	101 	Z01 	COL 	3.000 	3A4 - Columbia 	Introduction to Computer Concepts 	  	TBA 	15 	14 	1 	James Orren McKay (P) 	08/25-12/09 	3WEB 1 	ARP Analytical Reasoning and Ft. Jackson Location
SR 	94291 	CSCE 	101 	Z1A 	COL 	3.000 	3A5 - Columbia 	Introduction to Computer Concepts 	MW 	05:20 pm-07:50 pm 	15 	0 	15 	James Orren McKay (P) 	08/25-10/14 	FJAC 1 	ARP Analytical Reasoning and Ft. Jackson Location
SR 	83267 	CSCE 	102 	001 	COL 	3.000 	30 - Columbia Full Term 	General Applications Programming 	MW 	09:40 am-10:30 am 	24 	4 	20 	TBA 	08/21-12/05 	SMWALT 305 	ARP Analytical Reasoning
  	  	  	  	  	  	  	  	  	F 	08:30 am-09:20 am 	  	  	  	TBA 	08/21-12/05 	SMWALT 361 	ARP Analytical Reasoning
C 	83268 	CSCE 	102 	002 	COL 	3.000 	30 - Columbia Full Term 	General Applications Programming 	MW 	09:40 am-10:30 am 	24 	24 	0 	TBA 	08/21-12/05 	SMWALT 305 	ARP Analytical Reasoning
  	  	  	  	  	  	  	  	  	F 	09:40 am-10:30 am 	  	  	  	TBA 	08/21-12/05 	SMWALT 361 	ARP Analytical Reasoning
C 	83269 	CSCE 	102 	003 	COL 	3.000 	30 - Columbia Full Term 	General Applications Programming 	MW 	09:40 am-10:30 am 	24 	24 	0 	TBA 	08/21-12/05 	SMWALT 305 	ARP Analytical Reasoning
  	  	  	  	  	  	  	  	  	R 	10:05 am-10:50 am 	  	  	  	TBA 	08/21-12/05 	SMWALT 361 	ARP Analytical Reasoning
SR 	83270 	CSCE 	102 	004 	COL 	3.000 	30 - Columbia Full Term 	General Applications Programming 	MW 	12:00 pm-12:50 pm 	24 	21 	3 	TBA 	08/21-12/05 	SMWALT 305 	ARP Analytical Reasoning
  	  	  	  	  	  	  	  	  	F 	10:50 am-11:40 am 	  	  	  	TBA 	08/21-12/05 	SMWALT 361 	ARP Analytical Reasoning
C 	83271 	CSCE 	102 	005 	COL 	3.000 	30 - Columbia Full Term 	General Applications Programming 	MW 	12:00 pm-12:50 pm 	24 	24 	0 	TBA 	08/21-12/05 	SMWALT 305 	ARP Analytical Reasoning
  	  	  	  	  	  	  	  	  	F 	12:00 pm-12:50 pm 	  	  	  	TBA 	08/21-12/05 	SMWALT 361 	ARP Analytical Reasoning
C 	83273 	CSCE 	102 	006 	COL 	3.000 	30 - Columbia Full Term 	General Applications Programming 	MW 	12:00 pm-12:50 pm 	24 	24 	0 	TBA 	08/21-12/05 	SMWALT 305 	ARP Analytical Reasoning
  	  	  	  	  	  	  	  	  	R 	11:40 am-12:30 pm 	  	  	  	TBA 	08/21-12/05 	SMWALT 361 	ARP Analytical Reasoning
SR 	83276 	CSCE 	102 	007 	COL 	3.000 	30 - Columbia Full Term 	General Applications Programming 	MW 	02:20 pm-03:10 pm 	24 	13 	11 	TBA 	08/21-12/05 	SMWALT 305 	ARP Analytical Reasoning
  	  	  	  	  	  	  	  	  	F 	01:10 pm-02:00 pm 	  	  	  	TBA 	08/21-12/05 	SMWALT 361 	ARP Analytical Reasoning
SR 	83279 	CSCE 	102 	008 	COL 	3.000 	30 - Columbia Full Term 	General Applications Programming 	MW 	02:20 pm-03:10 pm 	24 	11 	13 	TBA 	08/21-12/05 	SMWALT 305 	ARP Analytical Reasoning
  	  	  	  	  	  	  	  	  	F 	02:20 pm-03:10 pm 	  	  	  	TBA 	08/21-12/05 	SMWALT 361 	ARP Analytical Reasoning
SR 	83283 	CSCE 	102 	009 	COL 	3.000 	30 - Columbia Full Term 	General Applications Programming 	MW 	02:20 pm-03:10 pm 	24 	14 	10 	TBA 	08/21-12/05 	SMWALT 305 	ARP Analytical Reasoning
  	  	  	  	  	  	  	  	  	R 	02:50 pm-03:40 pm 	  	  	  	TBA 	08/21-12/05 	SMWALT 361 	ARP Analytical Reasoning
SR 	83287 	CSCE 	102 	010 	COL 	3.000 	30 - Columbia Full Term 	General Applications Programming 	TR 	11:40 am-12:30 pm 	24 	23 	1 	TBA 	08/21-12/05 	SMWALT 305 	ARP Analytical Reasoning
  	  	  	  	  	  	  	  	  	W 	12:00 pm-12:50 pm 	  	  	  	TBA 	08/21-12/05 	SMWALT 361 	ARP Analytical Reasoning
C 	83288 	CSCE 	102 	011 	COL 	3.000 	30 - Columbia Full Term 	General Applications Programming 	TR 	11:40 am-12:30 pm 	24 	24 	0 	TBA 	08/21-12/05 	SMWALT 305 	ARP Analytical Reasoning
  	  	  	  	  	  	  	  	  	W 	01:10 pm-02:00 pm 	  	  	  	TBA 	08/21-12/05 	SMWALT 361 	ARP Analytical Reasoning
SR 	83290 	CSCE 	102 	012 	COL 	3.000 	30 - Columbia Full Term 	General Applications Programming 	TR 	11:40 am-12:30 pm 	24 	15 	9 	TBA 	08/21-12/05 	SMWALT 305 	ARP Analytical Reasoning
  	  	  	  	  	  	  	  	  	W 	02:20 pm-03:10 pm 	  	  	  	TBA 	08/21-12/05 	SMWALT 361 	ARP Analytical Reasoning
SR 	83291 	CSCE 	102 	013 	COL 	3.000 	30 - Columbia Full Term 	General Applications Programming 	TR 	06:40 pm-07:30 pm 	24 	3 	21 	TBA 	08/21-12/05 	SMWALT 305 	ARP Analytical Reasoning
  	  	  	  	  	  	  	  	  	T 	05:30 pm-06:20 pm 	  	  	  	TBA 	08/21-12/05 	SMWALT 361 	ARP Analytical Reasoning
SR 	83293 	CSCE 	102 	014 	COL 	3.000 	30 - Columbia Full Term 	General Applications Programming 	TR 	06:40 pm-07:30 pm 	24 	3 	21 	TBA 	08/21-12/05 	SMWALT 305 	ARP Analytical Reasoning
  	  	  	  	  	  	  	  	  	W 	05:30 pm-06:20 pm 	  	  	  	TBA 	08/21-12/05 	SMWALT 361 	ARP Analytical Reasoning
SR 	83298 	CSCE 	102 	015 	COL 	3.000 	30 - Columbia Full Term 	General Applications Programming 	TR 	06:40 pm-07:30 pm 	24 	2 	22 	TBA 	08/21-12/05 	SMWALT 305 	ARP Analytical Reasoning
  	  	  	  	  	  	  	  	  	R 	05:30 pm-06:20 pm 	  	  	  	TBA 	08/21-12/05 	SMWALT 361 	ARP Analytical Reasoning
SR 	83300 	CSCE 	102 	016 	COL 	3.000 	30 - Columbia Full Term 	General Applications Programming 	TR 	05:30 pm-06:20 pm 	24 	5 	19 	TBA 	08/21-12/05 	SMWALT 305 	ARP Analytical Reasoning
  	  	  	  	  	  	  	  	  	T 	07:00 pm-07:50 pm 	  	  	  	TBA 	08/21-12/05 	SMWALT 361 	ARP Analytical Reasoning
SR 	83301 	CSCE 	102 	017 	COL 	3.000 	30 - Columbia Full Term 	General Applications Programming 	TR 	05:30 pm-06:20 pm 	24 	3 	21 	TBA 	08/21-12/05 	SMWALT 305 	ARP Analytical Reasoning
  	  	  	  	  	  	  	  	  	W 	07:00 pm-07:50 pm 	  	  	  	TBA 	08/21-12/05 	SMWALT 361 	ARP Analytical Reasoning
SR 	83302 	CSCE 	102 	018 	COL 	3.000 	30 - Columbia Full Term 	General Applications Programming 	TR 	05:30 pm-06:20 pm 	24 	1 	23 	TBA 	08/21-12/05 	SMWALT 305 	ARP Analytical Reasoning
  	  	  	  	  	  	  	  	  	R 	07:00 pm-07:50 pm 	  	  	  	TBA 	08/21-12/05 	SMWALT 361 	ARP Analytical Reasoning
C 	94229 	CSCE 	102 	Z01 	COL 	3.000 	3A4 - Columbia 	General Applications Programming 	  	TBA 	15 	15 	0 	James Orren McKay (P) 	08/25-12/09 	TBA 	ARP Analytical Reasoning and Ft. Jackson Location
SR 	94378 	CSCE 	102 	Z1B 	COL 	3.000 	3B2 - Columbia 	General Applications Programming 	TR 	05:20 pm-07:50 pm 	15 	4 	11 	James Orren McKay (P) 	10/20-12/09 	FJAC 1 	ARP Analytical Reasoning and Ft. Jackson Location
SR 	83317 	CSCE 	145 	001 	COL 	4.000 	30 - Columbia Full Term 	Algorithmic Design I 	MW 	10:50 am-11:40 am 	24 	20 	4 	TBA 	08/21-12/05 	SWGN 2A14 	ARP Analytical Reasoning
  	  	  	  	  	  	  	  	  	TR 	08:00 am-09:55 am 	  	  	  	TBA 	08/21-12/05 	SWGN 1D15 	ARP Analytical Reasoning
SR 	83320 	CSCE 	145 	002 	COL 	4.000 	30 - Columbia Full Term 	Algorithmic Design I 	MW 	10:50 am-11:40 am 	24 	20 	4 	TBA 	08/21-12/05 	SWGN 2A14 	ARP Analytical Reasoning
  	  	  	  	  	  	  	  	  	TR 	10:05 am-12:00 pm 	  	  	  	TBA 	08/21-12/05 	SWGN 1D15 	ARP Analytical Reasoning
C 	83321 	CSCE 	145 	003 	COL 	4.000 	30 - Columbia Full Term 	Algorithmic Design I 	MW 	01:10 pm-02:00 pm 	24 	24 	0 	TBA 	08/21-12/05 	SWGN 2A14 	ARP Analytical Reasoning
  	  	  	  	  	  	  	  	  	TR 	01:15 pm-03:10 pm 	  	  	  	TBA 	08/21-12/05 	SWGN 1D15 	ARP Analytical Reasoning
SR 	83323 	CSCE 	145 	004 	COL 	4.000 	30 - Columbia Full Term 	Algorithmic Design I 	MW 	01:10 pm-02:00 pm 	24 	11 	13 	TBA 	08/21-12/05 	SWGN 2A14 	ARP Analytical Reasoning
  	  	  	  	  	  	  	  	  	TR 	08:00 am-09:55 am 	  	  	  	TBA 	08/21-12/05 	SWGN 1D11 	ARP Analytical Reasoning
SR 	83324 	CSCE 	145 	005 	COL 	4.000 	30 - Columbia Full Term 	Algorithmic Design I 	MW 	03:30 pm-04:20 pm 	24 	14 	10 	TBA 	08/21-12/05 	SWGN 2A14 	ARP Analytical Reasoning
  	  	  	  	  	  	  	  	  	TR 	03:30 pm-05:25 pm 	  	  	  	TBA 	08/21-12/05 	SWGN 1D15 	ARP Analytical Reasoning
SR 	83326 	CSCE 	145 	006 	COL 	4.000 	30 - Columbia Full Term 	Algorithmic Design I 	MW 	03:30 pm-04:20 pm 	24 	4 	20 	TBA 	08/21-12/05 	SWGN 2A14 	ARP Analytical Reasoning
  	  	  	  	  	  	  	  	  	TR 	05:30 pm-07:25 pm 	  	  	  	TBA 	08/21-12/05 	SWGN 1D15 	ARP Analytical Reasoning
SR 	91401 	CSCE 	145 	007 	COL 	4.000 	30 - Columbia Full Term 	Algorithmic Design I 	MW 	05:50 pm-06:40 pm 	24 	4 	20 	TBA 	08/21-12/05 	SWGN 2A14 	ARP Analytical Reasoning
  	  	  	  	  	  	  	  	  	TR 	10:05 am-12:00 pm 	  	  	  	TBA 	08/21-12/05 	SWGN 1D11 	ARP Analytical Reasoning
SR 	91983 	CSCE 	145 	008 	COL 	4.000 	30 - Columbia Full Term 	Algorithmic Design I 	MW 	05:50 pm-06:40 pm 	24 	6 	18 	TBA 	08/21-12/05 	SWGN 2A14 	ARP Analytical Reasoning
  	  	  	  	  	  	  	  	  	TR 	03:30 pm-05:25 pm 	  	  	  	TBA 	08/21-12/05 	SWGN 1D11 	ARP Analytical Reasoning
SR 	83331 	CSCE 	146 	001 	COL 	4.000 	30 - Columbia Full Term 	Algorithmic Design II 	TR 	10:05 am-11:20 am 	22 	8 	14 	TBA 	08/21-12/05 	SWGN 2A14 	 
  	  	  	  	  	  	  	  	  	W 	08:30 am-10:25 am 	  	  	  	TBA 	08/21-12/05 	SWGN 1D15 	 
C 	83333 	CSCE 	146 	002 	COL 	4.000 	30 - Columbia Full Term 	Algorithmic Design II 	TR 	10:05 am-11:20 am 	22 	23 	-1 	TBA 	08/21-12/05 	SWGN 2A14 	 
  	  	  	  	  	  	  	  	  	W 	10:50 am-12:45 pm 	  	  	  	TBA 	08/21-12/05 	SWGN 1D15 	 
C 	83336 	CSCE 	146 	003 	COL 	4.000 	30 - Columbia Full Term 	Algorithmic Design II 	TR 	10:05 am-11:20 am 	22 	22 	0 	TBA 	08/21-12/05 	SWGN 2A14 	 
  	  	  	  	  	  	  	  	  	W 	01:10 pm-03:05 pm 	  	  	  	TBA 	08/21-12/05 	SWGN 1D15 	 
C 	83337 	CSCE 	146 	004 	COL 	4.000 	30 - Columbia Full Term 	Algorithmic Design II 	TR 	01:15 pm-02:30 pm 	24 	24 	0 	TBA 	08/21-12/05 	SWGN 2A14 	 
  	  	  	  	  	  	  	  	  	W 	03:30 pm-05:25 pm 	  	  	  	TBA 	08/21-12/05 	SWGN 1D15 	 
SR 	83352 	CSCE 	146 	005 	COL 	4.000 	30 - Columbia Full Term 	Algorithmic Design II 	TR 	01:15 pm-02:30 pm 	24 	15 	9 	TBA 	08/21-12/05 	SWGN 2A14 	 
  	  	  	  	  	  	  	  	  	W 	05:50 pm-07:45 pm 	  	  	  	TBA 	08/21-12/05 	SWGN 1D15 	 
SR 	84800 	CSCE 	190 	001 	COL 	1.000 	30 - Columbia Full Term 	Computing in the Modern World 	T 	06:00 pm-06:50 pm 	200 	60 	140 	Marco Valtorta (P) 	08/21-12/05 	DMSB 123 	 
C 	83304 	CSCE 	201 	001 	COL 	3.000 	30 - Columbia Full Term 	Introduction to Computer Security 	MWF 	12:00 pm-12:50 pm 	49 	49 	0 	Mohamed Alamir Sharaf (P) 	08/21-12/05 	SWGN 2A31 	 
SR 	83303 	CSCE 	204 	001 	COL 	3.000 	30 - Columbia Full Term 	Program Design and Development 	TR 	04:25 pm-05:40 pm 	25 	11 	14 	TBA 	08/21-12/05 	SWGN 2A22 	 
SR 	84838 	CSCE 	205 	001 	COL 	3.000 	30 - Columbia Full Term 	Business Applications Programming 	MW 	05:30 pm-06:45 pm 	35 	12 	23 	Christine M.G. Brown (P) 	08/21-12/05 	SMWALT 305 	 
SR 	84873 	CSCE 	206 	001 	COL 	3.000 	30 - Columbia Full Term 	Scientific Applications Programming 	TR 	08:30 am-09:45 am 	35 	34 	1 	TBA 	08/21-12/05 	SWGN 2A21 	 
SR 	84888 	CSCE 	210 	001 	COL 	3.000 	30 - Columbia Full Term 	Computer Hardware Foundations 	TR 	10:05 am-11:20 am 	35 	27 	8 	Caroline Merriam Eastman (P) 	08/21-12/05 	SWGN 2A19 	 
C 	84928 	CSCE 	211 	001 	COL 	3.000 	30 - Columbia Full Term 	Digital Logic Design 	TR 	10:05 am-11:20 am 	42 	42 	0 	Chin-Tser Huang (P) 	08/21-12/05 	300MN B103 	 
C 	90403 	CSCE 	211 	002 	COL 	3.000 	30 - Columbia Full Term 	Digital Logic Design 	TR 	04:25 pm-05:40 pm 	35 	35 	0 	TBA 	08/21-12/05 	SWGN 2A21 	 
C 	91982 	CSCE 	211 	003 	COL 	3.000 	30 - Columbia Full Term 	Digital Logic Design 	TR 	01:15 pm-02:30 pm 	35 	35 	0 	TBA 	08/21-12/05 	300MN B112 	 
SR 	95729 	CSCE 	211 	H01 	COL 	3.000 	30 - Columbia Full Term 	HNRS: Digital Logic Design 	MW 	03:55 pm-05:10 pm 	25 	9 	16 	Manton M. Matthews (P) 	08/21-12/05 	SWGN 2A15 	SC Honors College
SR 	84942 	CSCE 	212 	001 	COL 	3.000 	30 - Columbia Full Term 	Introduction to Computer Architecture 	TR 	10:05 am-11:20 am 	40 	38 	2 	TBA 	08/21-12/05 	300MN B110 	 
SR 	92563 	CSCE 	212 	002 	COL 	3.000 	30 - Columbia Full Term 	Introduction to Computer Architecture 	TR 	04:25 pm-05:40 pm 	30 	27 	3 	TBA 	08/21-12/05 	SWGN 2A15 	 
SR 	87712 	CSCE 	215 	801 	COL 	1.000 	3A - Columbia First Half Term 	UNIX/Linux Fundamentals 	TR 	11:40 am-12:30 pm 	16 	13 	3 	TBA 	08/21-10/13 	SWGN 2A14 	 
  	  	  	  	  	  	  	  	  	TR 	01:15 pm-02:05 pm 	  	  	  	TBA 	08/21-10/13 	SWGN 1D39 	 
SR 	87754 	CSCE 	215 	802 	COL 	1.000 	3A - Columbia First Half Term 	UNIX/Linux Fundamentals 	TR 	11:40 am-12:30 pm 	16 	3 	13 	TBA 	08/21-10/13 	SWGN 2A14 	 
  	  	  	  	  	  	  	  	  	TR 	02:20 pm-03:10 pm 	  	  	  	TBA 	08/21-10/13 	SWGN 1D39 	 
C 	87755 	CSCE 	215 	803 	COL 	1.000 	3A - Columbia First Half Term 	UNIX/Linux Fundamentals 	TR 	11:40 am-12:30 pm 	16 	16 	0 	TBA 	08/21-10/13 	SWGN 2A14 	 
  	  	  	  	  	  	  	  	  	TR 	03:25 pm-04:15 pm 	  	  	  	TBA 	08/21-10/13 	SWGN 1D39 	 
SR 	92538 	CSCE 	215 	804 	COL 	1.000 	3A - Columbia First Half Term 	UNIX/Linux Fundamentals 	TR 	11:40 am-12:30 pm 	16 	8 	8 	TBA 	08/21-10/13 	SWGN 2A14 	 
  	  	  	  	  	  	  	  	  	TR 	04:25 pm-05:15 pm 	  	  	  	TBA 	08/21-10/13 	SWGN 1D39 	 
SR 	87756 	CSCE 	215 	851 	COL 	1.000 	3B - Columbia Second Half Term 	UNIX/Linux Fundamentals 	TR 	11:40 am-12:30 pm 	16 	2 	14 	TBA 	10/20-12/05 	SWGN 2A14 	 
  	  	  	  	  	  	  	  	  	TR 	01:15 pm-02:05 pm 	  	  	  	TBA 	10/20-12/05 	SWGN 1D39 	 
SR 	92541 	CSCE 	215 	852 	COL 	1.000 	3B - Columbia Second Half Term 	UNIX/Linux Fundamentals 	TR 	11:40 am-12:30 pm 	16 	0 	16 	TBA 	10/20-12/05 	SWGN 2A14 	 
  	  	  	  	  	  	  	  	  	TR 	02:20 pm-03:10 pm 	  	  	  	TBA 	10/20-12/05 	SWGN 1D39 	 
SR 	92543 	CSCE 	215 	853 	COL 	1.000 	3B - Columbia Second Half Term 	UNIX/Linux Fundamentals 	TR 	11:40 am-12:30 pm 	16 	3 	13 	TBA 	10/20-12/05 	SWGN 2A14 	 
  	  	  	  	  	  	  	  	  	TR 	03:25 pm-04:15 pm 	  	  	  	TBA 	10/20-12/05 	SWGN 1D39 	 
SR 	92544 	CSCE 	215 	854 	COL 	1.000 	3B - Columbia Second Half Term 	UNIX/Linux Fundamentals 	TR 	11:40 am-12:30 pm 	16 	3 	13 	TBA 	10/20-12/05 	SWGN 2A14 	 
  	  	  	  	  	  	  	  	  	TR 	04:25 pm-05:15 pm 	  	  	  	TBA 	10/20-12/05 	SWGN 1D39 	 
C 	84958 	CSCE 	240 	001 	COL 	3.000 	30 - Columbia Full Term 	Introduction to Software Engineering 	TR 	11:40 am-12:55 pm 	49 	49 	0 	Duncan A. Buell (P) 	08/21-12/05 	SWGN 2A31 	 
SR 	90404 	CSCE 	240 	002 	COL 	3.000 	30 - Columbia Full Term 	Introduction to Software Engineering 	TR 	06:00 pm-07:15 pm 	35 	29 	6 	TBA 	08/21-12/05 	SWGN 2A21 	 
SR 	94655 	CSCE 	240 	003 	COL 	3.000 	30 - Columbia Full Term 	Introduction to Software Engineering 	TR 	01:15 pm-02:30 pm 	30 	29 	1 	TBA 	08/21-12/05 	300MN B102 	 
SR 	97196 	CSCE 	274 	001 	COL 	3.000 	30 - Columbia Full Term 	Robotic Applications and Design 	TR 	02:50 pm-04:05 pm 	35 	28 	7 	TBA 	08/21-12/05 	SWGN 2A21 	 
SR 	83314 	CSCE 	311 	001 	COL 	3.000 	30 - Columbia Full Term 	Operating Systems 	TR 	08:30 am-09:45 am 	49 	28 	21 	John R. Rose (P) 	08/21-12/05 	SWGN 2A31 	 
SR 	94654 	CSCE 	311 	002 	COL 	3.000 	30 - Columbia Full Term 	Operating Systems 	TR 	10:05 am-11:20 am 	35 	27 	8 	TBA 	08/21-12/05 	SWGN 2A21 	 
C 	84966 	CSCE 	330 	001 	COL 	3.000 	30 - Columbia Full Term 	Programming Language Structures 	TR 	02:50 pm-04:05 pm 	49 	49 	0 	Marco Valtorta (P) 	08/21-12/05 	SWGN 2A27 	 
SR 	86670 	CSCE 	350 	001 	COL 	3.000 	30 - Columbia Full Term 	Data Structures and Algorithms 	TR 	11:40 am-12:55 pm 	49 	40 	9 	Yan Tong (P) 	08/21-12/05 	SWGN 2A27 	 
SR 	94916 	CSCE 	350 	002 	COL 	3.000 	30 - Columbia Full Term 	Data Structures and Algorithms 	TR 	02:50 pm-04:05 pm 	35 	6 	29 	TBA 	08/21-12/05 	300MN B101 	 
C 	87711 	CSCE 	355 	001 	COL 	3.000 	30 - Columbia Full Term 	Foundations of Computation 	MW 	03:55 pm-05:10 pm 	35 	35 	0 	Stephen A. Fenner (P) 	08/21-12/05 	SWGN 2A21 	 
SR 	84979 	CSCE 	390 	001 	COL 	1.000 	30 - Columbia Full Term 	Professional Issues in Computer Science and Engineering 	R 	06:00 pm-06:50 pm 	45 	40 	5 	Marco Valtorta (P) 	08/21-12/05 	SWGN 2A31 	 
SR 	84984 	CSCE 	416 	001 	COL 	3.000 	30 - Columbia Full Term 	Introduction to Computer Networks 	TR 	10:05 am-11:20 am 	49 	40 	9 	Srihari Nelakuditi (P) 	08/21-12/05 	300MN B201 	 
C 	87709 	CSCE 	490 	001 	COL 	3.000 	30 - Columbia Full Term 	Capstone Computing Project I 	MW 	08:05 am-09:20 am 	49 	49 	0 	Jose M Vidal (P) 	08/21-12/05 	SWGN 2A31 	INT Integrative
SR 	84757 	CSCE 	498 	001 	COL 	1.000-3.000 	30 - Columbia Full Term 	Independent Study 	  	TBA 	1 	0 	1 	TBA 	08/21-12/05 	TBA 	 
SR 	95015 	CSCE 	510 	001 	COL 	3.000 	30 - Columbia Full Term 	System Programming 	MW 	02:20 pm-03:35 pm 	32 	2 	30 	Manton M. Matthews (P) 	08/21-12/05 	SWGN 2A21 	 
SR 	95019 	CSCE 	510 	H10 	COL 	3.000 	30 - Columbia Full Term 	HNRS: System Programming 	MW 	02:20 pm-03:35 pm 	3 	0 	3 	Manton M. Matthews (P) 	08/21-12/05 	SWGN 2A21 	SC Honors College
C 	84986 	CSCE 	513 	001 	COL 	3.000 	30 - Columbia Full Term 	Computer Architecture 	MW 	10:05 am-11:20 am 	20 	21 	-1 	Jason Daniel Bakos (P) 	08/21-12/05 	SWGN 2A05 	 
SR 	84993 	CSCE 	513 	006 	COL 	3.000 	30 - Columbia Full Term 	Computer Architecture 	MW 	10:05 am-11:20 am 	23 	1 	22 	Jason Daniel Bakos (P) 	08/21-12/05 	3WEB 1 	 
SR 	84991 	CSCE 	513 	H10 	COL 	3.000 	30 - Columbia Full Term 	HNRS: Computer Architecture 	MW 	10:05 am-11:20 am 	3 	1 	2 	Jason Daniel Bakos (P) 	08/21-12/05 	SWGN 2A05 	SC Honors College
SR 	92590 	CSCE 	515 	001 	COL 	3.000 	30 - Columbia Full Term 	Computer Network Programming 	TR 	01:15 pm-02:30 pm 	22 	5 	17 	Chin-Tser Huang (P) 	08/21-12/05 	SWGN 2A24 	 
SR 	94113 	CSCE 	515 	H10 	COL 	3.000 	30 - Columbia Full Term 	HNRS: Computer Network Programming 	TR 	01:15 pm-02:30 pm 	3 	0 	3 	Chin-Tser Huang (P) 	08/21-12/05 	SWGN 2A24 	SC Honors College
SR 	94362 	CSCE 	517 	001 	COL 	3.000 	30 - Columbia Full Term 	Computer Crime and Forensics 	TR 	04:25 pm-05:40 pm 	22 	6 	16 	Caroline Merriam Eastman (P) 	08/21-12/05 	SWGN 2A24 	 
SR 	94367 	CSCE 	517 	H10 	COL 	3.000 	30 - Columbia Full Term 	HNRS: Computer Networks 	TR 	04:25 pm-05:40 pm 	3 	0 	3 	Caroline Merriam Eastman (P) 	08/21-12/05 	SWGN 2A24 	SC Honors College
C 	86999 	CSCE 	520 	001 	COL 	3.000 	30 - Columbia Full Term 	Database System Design 	MW 	05:30 pm-06:45 pm 	20 	30 	-10 	Csilla Farkas (P) 	08/21-12/05 	SWGN 1A20 	 
SR 	87009 	CSCE 	520 	006 	COL 	3.000 	30 - Columbia Full Term 	Database System Design 	MW 	05:30 pm-06:45 pm 	23 	0 	23 	Csilla Farkas (P) 	08/21-12/05 	3WEB 1 	 
C 	87004 	CSCE 	520 	H10 	COL 	3.000 	30 - Columbia Full Term 	HNRS: Database System Design 	MW 	05:30 pm-06:45 pm 	3 	0 	3 	Csilla Farkas (P) 	08/21-12/05 	SWGN 1A20 	SC Honors College
SR 	85033 	CSCE 	522 	001 	COL 	3.000 	30 - Columbia Full Term 	Information Security Principles 	MW 	02:50 pm-04:05 pm 	20 	10 	10 	Csilla Farkas (P) 	08/21-12/05 	SWGN 2A05 	 
SR 	91957 	CSCE 	522 	006 	COL 	3.000 	30 - Columbia Full Term 	Information Security Principles 	MW 	02:50 pm-04:05 pm 	23 	0 	23 	Csilla Farkas (P) 	08/21-12/05 	3WEB 1 	 
SR 	85037 	CSCE 	522 	H10 	COL 	3.000 	30 - Columbia Full Term 	HNRS: Information Security Principles 	MW 	02:50 pm-04:05 pm 	3 	0 	3 	Csilla Farkas (P) 	08/21-12/05 	SWGN 2A05 	SC Honors College
SR 	89793 	CSCE 	552 	001 	COL 	3.000 	30 - Columbia Full Term 	Computer Game Development 	F 	08:30 am-11:00 am 	27 	26 	1 	Jijun Tang (P) 	08/21-12/05 	SWGN 2A15 	 
SR 	94117 	CSCE 	552 	H10 	COL 	3.000 	30 - Columbia Full Term 	HNRS: Computer Game Development 	F 	08:30 am-11:00 am 	3 	0 	3 	Jijun Tang (P) 	08/21-12/05 	SWGN 2A15 	SC Honors College
SR 	85043 	CSCE 	565 	001 	COL 	3.000 	30 - Columbia Full Term 	Introduction to Computer Graphics 	TR 	01:15 pm-02:30 pm 	27 	9 	18 	Song Wang (P) 	08/21-12/05 	SWGN 2A15 	 
SR 	85046 	CSCE 	565 	H10 	COL 	3.000 	30 - Columbia Full Term 	HNRS: Introduction to Computer Graphics 	TR 	01:15 pm-02:30 pm 	3 	0 	3 	Song Wang (P) 	08/21-12/05 	SWGN 2A15 	SC Honors College
SR 	94914 	CSCE 	572 	001 	COL 	3.000 	30 - Columbia Full Term 	Human-Computer Interaction 	TR 	02:50 pm-04:05 pm 	25 	5 	20 	Jenay Michelle Beer (P) 	08/21-12/05 	SWGN 2A24 	 
SR 	87710 	CSCE 	590 	001 	COL 	3.000 	30 - Columbia Full Term 	Topic: Strategic Management of Information Systems 	TR 	11:40 am-12:55 pm 	25 	3 	22 	Matt Eric Thatcher (P) 	08/21-12/05 	SWGN 2A18 	Topics Course
SR 	85051 	CSCE 	611 	001 	COL 	3.000 	30 - Columbia Full Term 	Advanced Digital Design 	MW 	03:55 pm-05:10 pm 	30 	22 	8 	Jason Daniel Bakos (P) 	08/21-12/05 	SWGN 3D22 	 
SR 	92611 	CSCE 	719 	001 	COL 	3.000 	30 - Columbia Full Term 	Security and Privacy for Wireless Networks 	MW 	02:20 pm-03:35 pm 	25 	1 	24 	Wenyuan Xu (P) 	08/21-12/05 	SWGN 2A24 	 
SR 	85062 	CSCE 	750 	001 	COL 	3.000 	30 - Columbia Full Term 	Analysis of Algorithms 	MW 	01:15 pm-02:30 pm 	23 	14 	9 	Stephen A. Fenner (P) 	08/21-12/05 	SWGN 1A20 	 
SR 	92612 	CSCE 	750 	006 	COL 	3.000 	30 - Columbia Full Term 	Analysis of Algorithms 	MW 	01:15 pm-02:30 pm 	23 	0 	23 	Stephen A. Fenner (P) 	08/21-12/05 	3WEB 1 	 
SR 	92614 	CSCE 	771 	001 	COL 	3.000 	30 - Columbia Full Term 	Computer Processing of Natural Language 	MW 	08:30 am-09:45 am 	23 	3 	20 	Manton M. Matthews (P) 	08/21-12/05 	SWGN 1A20 	 
SR 	92616 	CSCE 	771 	006 	COL 	3.000 	30 - Columbia Full Term 	Computer Processing of Natural Language 	MW 	08:30 am-09:45 am 	23 	0 	23 	Manton M. Matthews (P) 	08/21-12/05 	3WEB 1 	 
SR 	92617 	CSCE 	774 	001 	COL 	3.000 	30 - Columbia Full Term 	Robotics Systems 	TR 	01:15 pm-02:30 pm 	25 	2 	23 	Jason Matthew Okane (P) 	08/21-12/05 	SWGN 2A22 	 
SR 	84763 	CSCE 	797 	001 	COL 	1.000-12.000 	30 - Columbia Full Term 	Individual Study and Research 	  	TBA 	1 	0 	1 	TBA 	08/21-12/05 	TBA 	 
SR 	84760 	CSCE 	798 	001 	COL 	1.000-12.000 	30 - Columbia Full Term 	Directed Study and Research 	  	TBA 	50 	0 	50 	Jason Daniel Bakos (P) 	08/21-12/05 	TBA 	 
SR 	84764 	CSCE 	798 	002 	COL 	1.000-12.000 	30 - Columbia Full Term 	Directed Study and Research 	  	TBA 	50 	0 	50 	Duncan A. Buell (P) 	08/21-12/05 	TBA 	 
SR 	84767 	CSCE 	798 	003 	COL 	1.000-12.000 	30 - Columbia Full Term 	Directed Study and Research 	  	TBA 	50 	0 	50 	Caroline Merriam Eastman (P) 	08/21-12/05 	TBA 	 
SR 	84768 	CSCE 	798 	004 	COL 	1.000-12.000 	30 - Columbia Full Term 	Directed Study and Research 	  	TBA 	50 	0 	50 	Csilla Farkas (P) 	08/21-12/05 	TBA 	 
SR 	84771 	CSCE 	798 	005 	COL 	1.000-12.000 	30 - Columbia Full Term 	Directed Study and Research 	  	TBA 	50 	1 	49 	Stephen A. Fenner (P) 	08/21-12/05 	TBA 	 
SR 	84772 	CSCE 	798 	006 	COL 	1.000-12.000 	30 - Columbia Full Term 	Directed Study and Research 	  	TBA 	50 	0 	50 	Jianjun Hu (P) 	08/21-12/05 	TBA 	 
SR 	84774 	CSCE 	798 	007 	COL 	1.000-12.000 	30 - Columbia Full Term 	Directed Study and Research 	  	TBA 	50 	0 	50 	Chin-Tser Huang (P) 	08/21-12/05 	TBA 	 
SR 	84776 	CSCE 	798 	008 	COL 	1.000-12.000 	30 - Columbia Full Term 	Directed Study and Research 	  	TBA 	50 	0 	50 	Michael N. Huhns (P) 	08/21-12/05 	TBA 	 
SR 	84777 	CSCE 	798 	009 	COL 	1.000-12.000 	30 - Columbia Full Term 	Directed Study and Research 	  	TBA 	50 	0 	50 	Manton M. Matthews (P) 	08/21-12/05 	TBA 	 
SR 	84782 	CSCE 	798 	010 	COL 	1.000-12.000 	30 - Columbia Full Term 	Directed Study and Research 	  	TBA 	50 	0 	50 	Srihari Nelakuditi (P) 	08/21-12/05 	TBA 	 
SR 	84784 	CSCE 	798 	011 	COL 	1.000-12.000 	30 - Columbia Full Term 	Directed Study and Research 	  	TBA 	50 	0 	50 	Jason Matthew Okane (P) 	08/21-12/05 	TBA 	 
SR 	84787 	CSCE 	798 	012 	COL 	1.000-12.000 	30 - Columbia Full Term 	Directed Study and Research 	  	TBA 	50 	0 	50 	John R. Rose (P) 	08/21-12/05 	TBA 	 
SR 	84790 	CSCE 	798 	013 	COL 	1.000-12.000 	30 - Columbia Full Term 	Directed Study and Research 	  	TBA 	50 	0 	50 	Jijun Tang (P) 	08/21-12/05 	TBA 	 
SR 	84793 	CSCE 	798 	014 	COL 	1.000-12.000 	30 - Columbia Full Term 	Directed Study and Research 	  	TBA 	50 	0 	50 	Gabriel Alin Terejanu (P) 	08/21-12/05 	TBA 	 
SR 	84795 	CSCE 	798 	015 	COL 	1.000-12.000 	30 - Columbia Full Term 	Directed Study and Research 	  	TBA 	50 	0 	50 	Matt Eric Thatcher (P) 	08/21-12/05 	TBA 	 
SR 	84798 	CSCE 	798 	016 	COL 	1.000-12.000 	30 - Columbia Full Term 	Directed Study and Research 	  	TBA 	50 	0 	50 	Yan Tong (P) 	08/21-12/05 	TBA 	 
SR 	84802 	CSCE 	798 	017 	COL 	1.000-12.000 	30 - Columbia Full Term 	Directed Study and Research 	  	TBA 	50 	0 	50 	Homayoun Valafar (P) 	08/21-12/05 	TBA 	 
SR 	84803 	CSCE 	798 	018 	COL 	1.000-12.000 	30 - Columbia Full Term 	Directed Study and Research 	  	TBA 	50 	0 	50 	Marco Valtorta (P) 	08/21-12/05 	TBA 	 
SR 	84811 	CSCE 	798 	019 	COL 	1.000-12.000 	30 - Columbia Full Term 	Directed Study and Research 	  	TBA 	50 	0 	50 	Jose M Vidal (P) 	08/21-12/05 	TBA 	 
SR 	84817 	CSCE 	798 	020 	COL 	1.000-12.000 	30 - Columbia Full Term 	Directed Study and Research 	  	TBA 	50 	0 	50 	Song Wang (P) 	08/21-12/05 	TBA 	 
SR 	84822 	CSCE 	798 	021 	COL 	1.000-12.000 	30 - Columbia Full Term 	Directed Study and Research 	  	TBA 	50 	0 	50 	Wenyuan Xu (P) 	08/21-12/05 	TBA 	 
SR 	84826 	CSCE 	798 	022 	COL 	1.000-12.000 	30 - Columbia Full Term 	Directed Study and Research 	  	TBA 	50 	0 	50 	Jenay Michelle Beer (P) 	08/21-12/05 	TBA 	 
SR 	84834 	CSCE 	799 	001 	COL 	1.000-12.000 	30 - Columbia Full Term 	Thesis Preparation 	  	TBA 	50 	0 	50 	Jason Daniel Bakos (P) 	08/21-12/05 	TBA 	 
SR 	84844 	CSCE 	799 	002 	COL 	1.000-12.000 	30 - Columbia Full Term 	Thesis Preparation 	  	TBA 	50 	0 	50 	Duncan A. Buell (P) 	08/21-12/05 	TBA 	 
SR 	84856 	CSCE 	799 	003 	COL 	1.000-12.000 	30 - Columbia Full Term 	Thesis Preparation 	  	TBA 	50 	0 	50 	Caroline Merriam Eastman (P) 	08/21-12/05 	TBA 	 
SR 	84860 	CSCE 	799 	004 	COL 	1.000-12.000 	30 - Columbia Full Term 	Thesis Preparation 	  	TBA 	50 	1 	49 	Csilla Farkas (P) 	08/21-12/05 	TBA 	 
SR 	84864 	CSCE 	799 	005 	COL 	1.000-12.000 	30 - Columbia Full Term 	Thesis Preparation 	  	TBA 	50 	0 	50 	Stephen A. Fenner (P) 	08/21-12/05 	TBA 	 
SR 	84868 	CSCE 	799 	006 	COL 	1.000-12.000 	30 - Columbia Full Term 	Thesis Preparation 	  	TBA 	50 	0 	50 	Jianjun Hu (P) 	08/21-12/05 	TBA 	 
SR 	84871 	CSCE 	799 	007 	COL 	1.000-12.000 	30 - Columbia Full Term 	Thesis Preparation 	  	TBA 	50 	0 	50 	Chin-Tser Huang (P) 	08/21-12/05 	TBA 	 
SR 	84874 	CSCE 	799 	008 	COL 	1.000-12.000 	30 - Columbia Full Term 	Thesis Preparation 	  	TBA 	50 	0 	50 	Michael N. Huhns (P) 	08/21-12/05 	TBA 	 
SR 	84880 	CSCE 	799 	009 	COL 	1.000-12.000 	30 - Columbia Full Term 	Thesis Preparation 	  	TBA 	50 	0 	50 	Manton M. Matthews (P) 	08/21-12/05 	TBA 	 
SR 	84883 	CSCE 	799 	010 	COL 	1.000-12.000 	30 - Columbia Full Term 	Thesis Preparation 	  	TBA 	50 	0 	50 	Srihari Nelakuditi (P) 	08/21-12/05 	TBA 	 
SR 	84886 	CSCE 	799 	011 	COL 	1.000-12.000 	30 - Columbia Full Term 	Thesis Preparation 	  	TBA 	50 	0 	50 	Jason Matthew Okane (P) 	08/21-12/05 	TBA 	 
SR 	84892 	CSCE 	799 	012 	COL 	1.000-12.000 	30 - Columbia Full Term 	Thesis Preparation 	  	TBA 	50 	0 	50 	John R. Rose (P) 	08/21-12/05 	TBA 	 
SR 	84896 	CSCE 	799 	013 	COL 	1.000-12.000 	30 - Columbia Full Term 	Thesis Preparation 	  	TBA 	50 	0 	50 	Jijun Tang (P) 	08/21-12/05 	TBA 	 
SR 	84902 	CSCE 	799 	014 	COL 	1.000-12.000 	30 - Columbia Full Term 	Thesis Preparation 	  	TBA 	50 	0 	50 	Gabriel Alin Terejanu (P) 	08/21-12/05 	TBA 	 
SR 	84912 	CSCE 	799 	015 	COL 	1.000-12.000 	30 - Columbia Full Term 	Thesis Preparation 	  	TBA 	50 	0 	50 	Matt Eric Thatcher (P) 	08/21-12/05 	TBA 	 
SR 	84917 	CSCE 	799 	016 	COL 	1.000-12.000 	30 - Columbia Full Term 	Thesis Preparation 	  	TBA 	50 	0 	50 	Yan Tong (P) 	08/21-12/05 	TBA 	 
SR 	84921 	CSCE 	799 	017 	COL 	1.000-12.000 	30 - Columbia Full Term 	Thesis Preparation 	  	TBA 	50 	0 	50 	Homayoun Valafar (P) 	08/21-12/05 	TBA 	 
SR 	84924 	CSCE 	799 	018 	COL 	1.000-12.000 	30 - Columbia Full Term 	Thesis Preparation 	  	TBA 	50 	0 	50 	Marco Valtorta (P) 	08/21-12/05 	TBA 	 
SR 	84926 	CSCE 	799 	019 	COL 	1.000-12.000 	30 - Columbia Full Term 	Thesis Preparation 	  	TBA 	50 	0 	50 	Jose M Vidal (P) 	08/21-12/05 	TBA 	 
SR 	84927 	CSCE 	799 	020 	COL 	1.000-12.000 	30 - Columbia Full Term 	Thesis Preparation 	  	TBA 	50 	0 	50 	Song Wang (P) 	08/21-12/05 	TBA 	 
SR 	84930 	CSCE 	799 	021 	COL 	1.000-12.000 	30 - Columbia Full Term 	Thesis Preparation 	  	TBA 	50 	0 	50 	Wenyuan Xu (P) 	08/21-12/05 	TBA 	 
SR 	84931 	CSCE 	799 	022 	COL 	1.000-12.000 	30 - Columbia Full Term 	Thesis Preparation 	  	TBA 	50 	0 	50 	Jenay Michelle Beer (P) 	08/21-12/05 	TBA 	 
SR 	85070 	CSCE 	822 	001 	COL 	3.000 	30 - Columbia Full Term 	Data Mining and Warehousing 	TR 	11:40 am-12:55 pm 	25 	1 	24 	Jianjun Hu (P) 	08/21-12/05 	SWGN 2A24 	 
SR 	92621 	CSCE 	883 	001 	COL 	3.000 	30 - Columbia Full Term 	Machine Learning 	TR 	10:05 am-11:20 am 	25 	6 	19 	Gabriel Alin Terejanu (P) 	08/21-12/05 	SWGN 2A24 	 
SR 	84933 	CSCE 	899 	001 	COL 	1.000-12.000 	30 - Columbia Full Term 	Dissertation Preparation 	  	TBA 	50 	0 	50 	Jason Daniel Bakos (P) 	08/21-12/05 	TBA 	 
SR 	84936 	CSCE 	899 	002 	COL 	1.000-12.000 	30 - Columbia Full Term 	Dissertation Preparation 	  	TBA 	50 	0 	50 	Duncan A. Buell (P) 	08/21-12/05 	TBA 	 
SR 	84938 	CSCE 	899 	003 	COL 	1.000-12.000 	30 - Columbia Full Term 	Dissertation Preparation 	  	TBA 	50 	0 	50 	Caroline Merriam Eastman (P) 	08/21-12/05 	TBA 	 
SR 	84940 	CSCE 	899 	004 	COL 	1.000-12.000 	30 - Columbia Full Term 	Dissertation Preparation 	  	TBA 	50 	0 	50 	Csilla Farkas (P) 	08/21-12/05 	TBA 	 
SR 	84943 	CSCE 	899 	005 	COL 	1.000-12.000 	30 - Columbia Full Term 	Dissertation Preparation 	  	TBA 	50 	0 	50 	Stephen A. Fenner (P) 	08/21-12/05 	TBA 	 
SR 	84944 	CSCE 	899 	006 	COL 	1.000-12.000 	30 - Columbia Full Term 	Dissertation Preparation 	  	TBA 	50 	0 	50 	Jianjun Hu (P) 	08/21-12/05 	TBA 	 
SR 	84947 	CSCE 	899 	007 	COL 	1.000-12.000 	30 - Columbia Full Term 	Dissertation Preparation 	  	TBA 	50 	0 	50 	Chin-Tser Huang (P) 	08/21-12/05 	TBA 	 
SR 	84949 	CSCE 	899 	008 	COL 	1.000-12.000 	30 - Columbia Full Term 	Dissertation Preparation 	  	TBA 	50 	0 	50 	Michael N. Huhns (P) 	08/21-12/05 	TBA 	 
SR 	84950 	CSCE 	899 	009 	COL 	1.000-12.000 	30 - Columbia Full Term 	Dissertation Preparation 	  	TBA 	50 	0 	50 	Manton M. Matthews (P) 	08/21-12/05 	TBA 	 
SR 	84952 	CSCE 	899 	010 	COL 	1.000-12.000 	30 - Columbia Full Term 	Dissertation Preparation 	  	TBA 	50 	0 	50 	Srihari Nelakuditi (P) 	08/21-12/05 	TBA 	 
SR 	84954 	CSCE 	899 	011 	COL 	1.000-12.000 	30 - Columbia Full Term 	Dissertation Preparation 	  	TBA 	50 	0 	50 	Jason Matthew Okane (P) 	08/21-12/05 	TBA 	 
SR 	84960 	CSCE 	899 	012 	COL 	1.000-12.000 	30 - Columbia Full Term 	Dissertation Preparation 	  	TBA 	50 	0 	50 	John R. Rose (P) 	08/21-12/05 	TBA 	 
SR 	84961 	CSCE 	899 	013 	COL 	1.000-12.000 	30 - Columbia Full Term 	Dissertation Preparation 	  	TBA 	50 	0 	50 	Jijun Tang (P) 	08/21-12/05 	TBA 	 
SR 	84963 	CSCE 	899 	014 	COL 	1.000-12.000 	30 - Columbia Full Term 	Dissertation Preparation 	  	TBA 	50 	0 	50 	Gabriel Alin Terejanu (P) 	08/21-12/05 	TBA 	 
SR 	84964 	CSCE 	899 	015 	COL 	1.000-12.000 	30 - Columbia Full Term 	Dissertation Preparation 	  	TBA 	50 	0 	50 	Matt Eric Thatcher (P) 	08/21-12/05 	TBA 	 
SR 	84967 	CSCE 	899 	016 	COL 	1.000-12.000 	30 - Columbia Full Term 	Dissertation Preparation 	  	TBA 	50 	0 	50 	Yan Tong (P) 	08/21-12/05 	TBA 	 
SR 	84968 	CSCE 	899 	017 	COL 	1.000-12.000 	30 - Columbia Full Term 	Dissertation Preparation 	  	TBA 	50 	0 	50 	Homayoun Valafar (P) 	08/21-12/05 	TBA 	 
SR 	84970 	CSCE 	899 	018 	COL 	1.000-12.000 	30 - Columbia Full Term 	Dissertation Preparation 	  	TBA 	50 	0 	50 	Marco Valtorta (P) 	08/21-12/05 	TBA 	 
SR 	84973 	CSCE 	899 	019 	COL 	1.000-12.000 	30 - Columbia Full Term 	Dissertation Preparation 	  	TBA 	50 	1 	49 	Jose M Vidal (P) 	08/21-12/05 	TBA 	 
SR 	84975 	CSCE 	899 	020 	COL 	1.000-12.000 	30 - Columbia Full Term 	Dissertation Preparation 	  	TBA 	50 	0 	50 	Song Wang (P) 	08/21-12/05 	TBA 	 
SR 	84977 	CSCE 	899 	021 	COL 	1.000-12.000 	30 - Columbia Full Term 	Dissertation Preparation 	  	TBA 	50 	0 	50 	Wenyuan Xu (P) 	08/21-12/05 	TBA 	 
SR 	84980 	CSCE 	899 	022 	COL 	1.000-12.000 	30 - Columbia Full Term 	Dissertation Preparation 	  	TBA 	50 	1 	49 	Jenay Michelle Beer (P) 	08/21-12/05 	TBA 	 
